"","term","estimate","std.error","statistic","p.value"
"1","(Intercept)",4.49239832119031,0.0138370275331497,324.664983893959,0
"2","TOBACCOYes",0.269459117783545,0.035380532766054,7.61602770555445,2.67657376050321e-14
"3","OBESITYYes",-0.383028597843771,0.0242406386017148,-15.8010935329351,4.61603741227679e-56
"4","SEXfemale",0.26625023253112,0.0199120717302478,13.3712973786985,1.1000188164434e-40
